Frame: 0.0, Preceding ID: None, Preceding Right ID: 5, Preceding Left ID: 6, Following ID: None, Following Left ID: None, Following Right ID: None
Frame: 0.03, Preceding ID: None, Preceding Right ID: 5, Preceding Left ID: 6, Following ID: None, Following Left ID: None, Following Right ID: None
Frame: 0.07, Preceding ID: None, Preceding Right ID: 5, Preceding Left ID: 6, Following ID: None, Following Left ID: None, Following Right ID: None
Frame: 0.1, Preceding ID: None, Preceding Right ID: 5, Preceding Left ID: 6, Following ID: None, Following Left ID: None, Following Right ID: None
Frame: 0.13, Preceding ID: None, Preceding Right ID: 5, Preceding Left ID: 6, Following ID: None, Following Left ID: None, Following Right ID: 10
Frame: 0.17, Preceding ID: None, Preceding Right ID: 5, Preceding Left ID: 6, Following ID: None, Following Left ID: None, Following Right ID: 10
Frame: 0.2, Preceding ID: None, Preceding Right ID: 5, Preceding Left ID: 6, Following ID: None, Following Left ID: None, Following Right ID: 10
Frame: 0.23, Preceding ID: None, Preceding Right ID: 5, Preceding Left ID: 6, Following ID: None, Following Left ID: None, Following Right ID: 10
Frame: 0.27, Preceding ID: None, Preceding Right ID: 5, Preceding Left ID: 6, Following ID: None, Following Left ID: None, Following Right ID: 10
Frame: 0.3, Preceding ID: None, Preceding Right ID: 5, Preceding Left ID: 6, Following ID: None, Following Left ID: None, Following Right ID: 10
Frame: 0.33, Preceding ID: None, Preceding Right ID: 5, Preceding Left ID: 6, Following ID: None, Following Left ID: None, Following Right ID: 10
Frame: 0.37, Preceding ID: None, Preceding Right ID: 5, Preceding Left ID: 6, Following ID: None, Following Left ID: None, Following Right ID: 10
Frame: 0.4, Preceding ID: None, Preceding Right ID: 5, Preceding Left ID: 6, Following ID: None, Following Left ID: None, Following Right ID: 10
Frame: 0.43, Preceding ID: None, Preceding Right ID: 5, Preceding Left ID: 6, Following ID: None, Following Left ID: None, Following Right ID: 10
Frame: 0.47, Preceding ID: None, Preceding Right ID: 5, Preceding Left ID: 6, Following ID: None, Following Left ID: None, Following Right ID: 10
Frame: 0.5, Preceding ID: None, Preceding Right ID: 5, Preceding Left ID: 6, Following ID: None, Following Left ID: None, Following Right ID: 10
Frame: 0.53, Preceding ID: None, Preceding Right ID: 5, Preceding Left ID: 6, Following ID: None, Following Left ID: None, Following Right ID: 10
Frame: 0.57, Preceding ID: None, Preceding Right ID: 5, Preceding Left ID: 6, Following ID: None, Following Left ID: None, Following Right ID: 10
Frame: 0.6, Preceding ID: None, Preceding Right ID: 5, Preceding Left ID: 6, Following ID: None, Following Left ID: None, Following Right ID: 10
Frame: 0.63, Preceding ID: None, Preceding Right ID: 5, Preceding Left ID: 6, Following ID: None, Following Left ID: None, Following Right ID: 10
Frame: 0.67, Preceding ID: None, Preceding Right ID: 5, Preceding Left ID: 6, Following ID: None, Following Left ID: 7, Following Right ID: 10
Frame: 0.7, Preceding ID: None, Preceding Right ID: 5, Preceding Left ID: 6, Following ID: None, Following Left ID: 7, Following Right ID: 10
Frame: 0.73, Preceding ID: None, Preceding Right ID: 5, Preceding Left ID: 6, Following ID: None, Following Left ID: 7, Following Right ID: 10
Frame: 0.77, Preceding ID: None, Preceding Right ID: 5, Preceding Left ID: 6, Following ID: None, Following Left ID: 7, Following Right ID: 10
Frame: 0.8, Preceding ID: None, Preceding Right ID: 5, Preceding Left ID: 6, Following ID: None, Following Left ID: 7, Following Right ID: 10
Frame: 0.83, Preceding ID: None, Preceding Right ID: 5, Preceding Left ID: 6, Following ID: None, Following Left ID: 7, Following Right ID: 10
Frame: 0.87, Preceding ID: None, Preceding Right ID: 5, Preceding Left ID: 6, Following ID: None, Following Left ID: None, Following Right ID: 10
Frame: 0.9, Preceding ID: None, Preceding Right ID: 5, Preceding Left ID: 6, Following ID: None, Following Left ID: None, Following Right ID: 10
Frame: 0.93, Preceding ID: None, Preceding Right ID: 5, Preceding Left ID: 6, Following ID: None, Following Left ID: None, Following Right ID: 10
Frame: 0.97, Preceding ID: None, Preceding Right ID: 5, Preceding Left ID: 6, Following ID: None, Following Left ID: None, Following Right ID: 10
Frame: 1.0, Preceding ID: None, Preceding Right ID: 5, Preceding Left ID: 6, Following ID: None, Following Left ID: None, Following Right ID: 10
Frame: 1.03, Preceding ID: None, Preceding Right ID: 5, Preceding Left ID: 6, Following ID: None, Following Left ID: None, Following Right ID: 10
Frame: 1.07, Preceding ID: None, Preceding Right ID: 5, Preceding Left ID: 6, Following ID: None, Following Left ID: None, Following Right ID: 10
Frame: 1.1, Preceding ID: None, Preceding Right ID: 5, Preceding Left ID: 6, Following ID: None, Following Left ID: 7, Following Right ID: 10
Frame: 1.13, Preceding ID: None, Preceding Right ID: 5, Preceding Left ID: 6, Following ID: None, Following Left ID: None, Following Right ID: 10
Frame: 1.17, Preceding ID: None, Preceding Right ID: 5, Preceding Left ID: 6, Following ID: None, Following Left ID: 7, Following Right ID: 10
Frame: 1.2, Preceding ID: None, Preceding Right ID: 5, Preceding Left ID: 6, Following ID: None, Following Left ID: None, Following Right ID: 10
Frame: 1.23, Preceding ID: None, Preceding Right ID: 5, Preceding Left ID: 6, Following ID: None, Following Left ID: None, Following Right ID: 10
Frame: 1.27, Preceding ID: None, Preceding Right ID: 5, Preceding Left ID: 6, Following ID: None, Following Left ID: None, Following Right ID: 10
Frame: 1.3, Preceding ID: None, Preceding Right ID: 5, Preceding Left ID: 6, Following ID: None, Following Left ID: None, Following Right ID: 10
Frame: 1.33, Preceding ID: None, Preceding Right ID: 5, Preceding Left ID: 6, Following ID: None, Following Left ID: None, Following Right ID: 10
Frame: 1.37, Preceding ID: None, Preceding Right ID: 5, Preceding Left ID: 2, Following ID: None, Following Left ID: None, Following Right ID: 10
Frame: 1.4, Preceding ID: None, Preceding Right ID: 5, Preceding Left ID: 2, Following ID: None, Following Left ID: None, Following Right ID: 10
Frame: 1.43, Preceding ID: None, Preceding Right ID: 5, Preceding Left ID: 2, Following ID: None, Following Left ID: None, Following Right ID: 10
Frame: 1.47, Preceding ID: None, Preceding Right ID: 5, Preceding Left ID: 2, Following ID: None, Following Left ID: None, Following Right ID: 10
Frame: 1.5, Preceding ID: None, Preceding Right ID: 5, Preceding Left ID: 2, Following ID: None, Following Left ID: None, Following Right ID: 10
Frame: 1.53, Preceding ID: None, Preceding Right ID: 5, Preceding Left ID: 2, Following ID: None, Following Left ID: None, Following Right ID: 10
Frame: 1.57, Preceding ID: None, Preceding Right ID: 5, Preceding Left ID: 2, Following ID: None, Following Left ID: None, Following Right ID: 10
Frame: 1.6, Preceding ID: None, Preceding Right ID: 5, Preceding Left ID: 2, Following ID: None, Following Left ID: None, Following Right ID: 10
Frame: 1.63, Preceding ID: None, Preceding Right ID: 5, Preceding Left ID: 2, Following ID: None, Following Left ID: None, Following Right ID: 10
Frame: 1.67, Preceding ID: None, Preceding Right ID: 5, Preceding Left ID: 2, Following ID: None, Following Left ID: None, Following Right ID: 10
Frame: 1.7, Preceding ID: None, Preceding Right ID: 5, Preceding Left ID: 2, Following ID: None, Following Left ID: None, Following Right ID: 10
Frame: 1.73, Preceding ID: None, Preceding Right ID: 5, Preceding Left ID: 2, Following ID: None, Following Left ID: None, Following Right ID: 10
Frame: 1.77, Preceding ID: None, Preceding Right ID: 5, Preceding Left ID: 2, Following ID: None, Following Left ID: None, Following Right ID: 10
Frame: 1.8, Preceding ID: None, Preceding Right ID: 5, Preceding Left ID: 2, Following ID: None, Following Left ID: None, Following Right ID: 10
Frame: 1.83, Preceding ID: None, Preceding Right ID: 5, Preceding Left ID: 2, Following ID: None, Following Left ID: None, Following Right ID: 10
Frame: 1.87, Preceding ID: None, Preceding Right ID: 10, Preceding Left ID: 2, Following ID: None, Following Left ID: None, Following Right ID: 7
Frame: 1.9, Preceding ID: None, Preceding Right ID: 10, Preceding Left ID: 2, Following ID: None, Following Left ID: None, Following Right ID: 7
Frame: 1.93, Preceding ID: None, Preceding Right ID: 10, Preceding Left ID: 2, Following ID: None, Following Left ID: None, Following Right ID: 7
Frame: 1.97, Preceding ID: None, Preceding Right ID: 10, Preceding Left ID: 2, Following ID: None, Following Left ID: None, Following Right ID: 7
Frame: 2.0, Preceding ID: None, Preceding Right ID: 10, Preceding Left ID: 2, Following ID: None, Following Left ID: None, Following Right ID: 7
Frame: 2.03, Preceding ID: None, Preceding Right ID: 5, Preceding Left ID: 2, Following ID: None, Following Left ID: None, Following Right ID: 7
Frame: 2.07, Preceding ID: None, Preceding Right ID: 5, Preceding Left ID: 2, Following ID: None, Following Left ID: None, Following Right ID: 7
Frame: 2.1, Preceding ID: None, Preceding Right ID: 5, Preceding Left ID: 2, Following ID: None, Following Left ID: None, Following Right ID: 7
Frame: 2.13, Preceding ID: None, Preceding Right ID: 10, Preceding Left ID: 2, Following ID: None, Following Left ID: None, Following Right ID: 7
Frame: 2.17, Preceding ID: None, Preceding Right ID: 5, Preceding Left ID: 2, Following ID: None, Following Left ID: None, Following Right ID: 7
Frame: 2.2, Preceding ID: None, Preceding Right ID: 5, Preceding Left ID: 2, Following ID: None, Following Left ID: None, Following Right ID: 7
Frame: 2.23, Preceding ID: None, Preceding Right ID: 5, Preceding Left ID: 2, Following ID: None, Following Left ID: None, Following Right ID: 7
Frame: 2.27, Preceding ID: None, Preceding Right ID: 5, Preceding Left ID: 2, Following ID: None, Following Left ID: None, Following Right ID: 7
Frame: 2.3, Preceding ID: None, Preceding Right ID: 5, Preceding Left ID: 2, Following ID: None, Following Left ID: None, Following Right ID: 7
Frame: 2.33, Preceding ID: None, Preceding Right ID: 5, Preceding Left ID: 2, Following ID: None, Following Left ID: None, Following Right ID: 7
Frame: 2.37, Preceding ID: None, Preceding Right ID: 5, Preceding Left ID: 2, Following ID: None, Following Left ID: None, Following Right ID: 7
Frame: 2.4, Preceding ID: None, Preceding Right ID: 5, Preceding Left ID: 2, Following ID: None, Following Left ID: None, Following Right ID: 7
Frame: 2.43, Preceding ID: None, Preceding Right ID: 5, Preceding Left ID: 2, Following ID: None, Following Left ID: None, Following Right ID: 7
Frame: 2.47, Preceding ID: None, Preceding Right ID: 5, Preceding Left ID: 2, Following ID: None, Following Left ID: None, Following Right ID: 7
Frame: 2.5, Preceding ID: None, Preceding Right ID: 5, Preceding Left ID: 2, Following ID: None, Following Left ID: None, Following Right ID: 7
Frame: 2.53, Preceding ID: None, Preceding Right ID: 5, Preceding Left ID: 2, Following ID: None, Following Left ID: None, Following Right ID: 7
Frame: 2.57, Preceding ID: None, Preceding Right ID: 5, Preceding Left ID: 2, Following ID: None, Following Left ID: None, Following Right ID: 7
Frame: 2.6, Preceding ID: None, Preceding Right ID: 5, Preceding Left ID: 2, Following ID: None, Following Left ID: None, Following Right ID: 7
Frame: 2.63, Preceding ID: None, Preceding Right ID: 5, Preceding Left ID: 2, Following ID: None, Following Left ID: None, Following Right ID: 7
Frame: 2.67, Preceding ID: None, Preceding Right ID: 5, Preceding Left ID: 2, Following ID: None, Following Left ID: None, Following Right ID: 7
Frame: 2.7, Preceding ID: None, Preceding Right ID: 5, Preceding Left ID: 2, Following ID: None, Following Left ID: None, Following Right ID: 7
Frame: 2.73, Preceding ID: None, Preceding Right ID: None, Preceding Left ID: 2, Following ID: None, Following Left ID: None, Following Right ID: 7
Frame: 2.77, Preceding ID: None, Preceding Right ID: 5, Preceding Left ID: 2, Following ID: None, Following Left ID: None, Following Right ID: 7
Frame: 2.8, Preceding ID: None, Preceding Right ID: 10, Preceding Left ID: 2, Following ID: None, Following Left ID: None, Following Right ID: 7
Frame: 2.83, Preceding ID: None, Preceding Right ID: 10, Preceding Left ID: 2, Following ID: None, Following Left ID: None, Following Right ID: 7
Frame: 2.87, Preceding ID: None, Preceding Right ID: 10, Preceding Left ID: 2, Following ID: None, Following Left ID: None, Following Right ID: 7
Frame: 2.9, Preceding ID: None, Preceding Right ID: 10, Preceding Left ID: 2, Following ID: None, Following Left ID: None, Following Right ID: 7
Frame: 2.93, Preceding ID: None, Preceding Right ID: 10, Preceding Left ID: 2, Following ID: None, Following Left ID: None, Following Right ID: 7
Frame: 2.97, Preceding ID: None, Preceding Right ID: 10, Preceding Left ID: 2, Following ID: None, Following Left ID: None, Following Right ID: 7
Frame: 3.0, Preceding ID: None, Preceding Right ID: 10, Preceding Left ID: 2, Following ID: None, Following Left ID: None, Following Right ID: 7
Frame: 3.03, Preceding ID: None, Preceding Right ID: 10, Preceding Left ID: 2, Following ID: None, Following Left ID: None, Following Right ID: 7
Frame: 3.07, Preceding ID: None, Preceding Right ID: 10, Preceding Left ID: 2, Following ID: None, Following Left ID: None, Following Right ID: 7
Frame: 3.1, Preceding ID: None, Preceding Right ID: 10, Preceding Left ID: 2, Following ID: None, Following Left ID: None, Following Right ID: 7
Frame: 3.13, Preceding ID: None, Preceding Right ID: 10, Preceding Left ID: 2, Following ID: None, Following Left ID: None, Following Right ID: 7
Frame: 3.17, Preceding ID: None, Preceding Right ID: 10, Preceding Left ID: 2, Following ID: None, Following Left ID: None, Following Right ID: 7
Frame: 3.2, Preceding ID: None, Preceding Right ID: 10, Preceding Left ID: 2, Following ID: None, Following Left ID: None, Following Right ID: 7
Frame: 3.23, Preceding ID: None, Preceding Right ID: 10, Preceding Left ID: 2, Following ID: None, Following Left ID: None, Following Right ID: 7
Frame: 3.27, Preceding ID: None, Preceding Right ID: 10, Preceding Left ID: 2, Following ID: None, Following Left ID: None, Following Right ID: 7
Frame: 3.3, Preceding ID: None, Preceding Right ID: 10, Preceding Left ID: 2, Following ID: None, Following Left ID: None, Following Right ID: 7
Frame: 3.33, Preceding ID: None, Preceding Right ID: 10, Preceding Left ID: 2, Following ID: None, Following Left ID: None, Following Right ID: 7
Frame: 3.37, Preceding ID: None, Preceding Right ID: 10, Preceding Left ID: 2, Following ID: None, Following Left ID: None, Following Right ID: 7
Frame: 3.4, Preceding ID: None, Preceding Right ID: 10, Preceding Left ID: 2, Following ID: None, Following Left ID: None, Following Right ID: 7
Frame: 3.43, Preceding ID: None, Preceding Right ID: 10, Preceding Left ID: 2, Following ID: None, Following Left ID: None, Following Right ID: 7
Frame: 3.47, Preceding ID: None, Preceding Right ID: 10, Preceding Left ID: 2, Following ID: None, Following Left ID: None, Following Right ID: 7
Frame: 3.5, Preceding ID: None, Preceding Right ID: 10, Preceding Left ID: 2, Following ID: None, Following Left ID: None, Following Right ID: 7
Frame: 3.53, Preceding ID: None, Preceding Right ID: 10, Preceding Left ID: 2, Following ID: None, Following Left ID: None, Following Right ID: 7
Frame: 3.57, Preceding ID: None, Preceding Right ID: 10, Preceding Left ID: 2, Following ID: None, Following Left ID: None, Following Right ID: 7
Frame: 3.6, Preceding ID: None, Preceding Right ID: 10, Preceding Left ID: 2, Following ID: None, Following Left ID: None, Following Right ID: 7
Frame: 3.63, Preceding ID: None, Preceding Right ID: 10, Preceding Left ID: 2, Following ID: None, Following Left ID: None, Following Right ID: 7
Frame: 3.67, Preceding ID: None, Preceding Right ID: 10, Preceding Left ID: 2, Following ID: None, Following Left ID: None, Following Right ID: 7
Frame: 3.7, Preceding ID: None, Preceding Right ID: 10, Preceding Left ID: 2, Following ID: None, Following Left ID: None, Following Right ID: 7
Frame: 3.73, Preceding ID: None, Preceding Right ID: 10, Preceding Left ID: 2, Following ID: None, Following Left ID: None, Following Right ID: 7
Frame: 3.77, Preceding ID: None, Preceding Right ID: 10, Preceding Left ID: 2, Following ID: None, Following Left ID: None, Following Right ID: 7
Frame: 3.8, Preceding ID: None, Preceding Right ID: 10, Preceding Left ID: 2, Following ID: None, Following Left ID: None, Following Right ID: 7
Frame: 3.83, Preceding ID: None, Preceding Right ID: 10, Preceding Left ID: 5, Following ID: None, Following Left ID: None, Following Right ID: 7
Frame: 3.87, Preceding ID: None, Preceding Right ID: 10, Preceding Left ID: 5, Following ID: None, Following Left ID: None, Following Right ID: 7
Frame: 3.9, Preceding ID: None, Preceding Right ID: 10, Preceding Left ID: 5, Following ID: None, Following Left ID: None, Following Right ID: 7
Frame: 3.93, Preceding ID: None, Preceding Right ID: 10, Preceding Left ID: 5, Following ID: None, Following Left ID: None, Following Right ID: 7
Frame: 3.97, Preceding ID: None, Preceding Right ID: 10, Preceding Left ID: 5, Following ID: None, Following Left ID: None, Following Right ID: 7
Frame: 4.0, Preceding ID: None, Preceding Right ID: 10, Preceding Left ID: 5, Following ID: None, Following Left ID: None, Following Right ID: 7
Frame: 4.03, Preceding ID: None, Preceding Right ID: 10, Preceding Left ID: 5, Following ID: None, Following Left ID: None, Following Right ID: 7
Frame: 4.07, Preceding ID: None, Preceding Right ID: 10, Preceding Left ID: 5, Following ID: None, Following Left ID: None, Following Right ID: 7
Frame: 4.1, Preceding ID: None, Preceding Right ID: 10, Preceding Left ID: 5, Following ID: None, Following Left ID: None, Following Right ID: 7
Frame: 4.13, Preceding ID: None, Preceding Right ID: 10, Preceding Left ID: 5, Following ID: None, Following Left ID: None, Following Right ID: 7
Frame: 4.17, Preceding ID: None, Preceding Right ID: 10, Preceding Left ID: 5, Following ID: None, Following Left ID: None, Following Right ID: 7
Frame: 4.2, Preceding ID: None, Preceding Right ID: 10, Preceding Left ID: 5, Following ID: None, Following Left ID: None, Following Right ID: 7
Frame: 4.23, Preceding ID: None, Preceding Right ID: 10, Preceding Left ID: 5, Following ID: None, Following Left ID: None, Following Right ID: 7
Frame: 4.27, Preceding ID: None, Preceding Right ID: 10, Preceding Left ID: 5, Following ID: None, Following Left ID: None, Following Right ID: 7
Frame: 4.3, Preceding ID: None, Preceding Right ID: 10, Preceding Left ID: 5, Following ID: None, Following Left ID: None, Following Right ID: 7
Frame: 4.33, Preceding ID: None, Preceding Right ID: 10, Preceding Left ID: 5, Following ID: None, Following Left ID: None, Following Right ID: 7
Frame: 4.37, Preceding ID: None, Preceding Right ID: 10, Preceding Left ID: 5, Following ID: None, Following Left ID: None, Following Right ID: 7
Frame: 4.4, Preceding ID: None, Preceding Right ID: 10, Preceding Left ID: 5, Following ID: None, Following Left ID: None, Following Right ID: 7
Frame: 4.43, Preceding ID: None, Preceding Right ID: 10, Preceding Left ID: 5, Following ID: None, Following Left ID: None, Following Right ID: 7
Frame: 4.47, Preceding ID: None, Preceding Right ID: 10, Preceding Left ID: 5, Following ID: None, Following Left ID: None, Following Right ID: 7
Frame: 4.5, Preceding ID: None, Preceding Right ID: 10, Preceding Left ID: 5, Following ID: None, Following Left ID: None, Following Right ID: 7
Frame: 4.53, Preceding ID: None, Preceding Right ID: 10, Preceding Left ID: 5, Following ID: None, Following Left ID: None, Following Right ID: 7
Frame: 4.57, Preceding ID: None, Preceding Right ID: 10, Preceding Left ID: 5, Following ID: None, Following Left ID: None, Following Right ID: 7
Frame: 4.6, Preceding ID: None, Preceding Right ID: 10, Preceding Left ID: 5, Following ID: None, Following Left ID: None, Following Right ID: 7
Frame: 4.63, Preceding ID: None, Preceding Right ID: 10, Preceding Left ID: 5, Following ID: None, Following Left ID: None, Following Right ID: 7
Frame: 4.67, Preceding ID: None, Preceding Right ID: 10, Preceding Left ID: 5, Following ID: None, Following Left ID: None, Following Right ID: 7
Frame: 4.7, Preceding ID: None, Preceding Right ID: 10, Preceding Left ID: 5, Following ID: None, Following Left ID: None, Following Right ID: 7
Frame: 4.73, Preceding ID: None, Preceding Right ID: 10, Preceding Left ID: 2, Following ID: None, Following Left ID: None, Following Right ID: 7
Frame: 4.77, Preceding ID: None, Preceding Right ID: 10, Preceding Left ID: 2, Following ID: None, Following Left ID: None, Following Right ID: 7
Frame: 4.8, Preceding ID: None, Preceding Right ID: 10, Preceding Left ID: 2, Following ID: None, Following Left ID: None, Following Right ID: 7
Frame: 4.83, Preceding ID: None, Preceding Right ID: 10, Preceding Left ID: 2, Following ID: None, Following Left ID: None, Following Right ID: 7
Frame: 4.87, Preceding ID: None, Preceding Right ID: 10, Preceding Left ID: 2, Following ID: None, Following Left ID: None, Following Right ID: 7
Frame: 4.9, Preceding ID: None, Preceding Right ID: 10, Preceding Left ID: 2, Following ID: None, Following Left ID: None, Following Right ID: 7
Frame: 4.93, Preceding ID: None, Preceding Right ID: 10, Preceding Left ID: 5, Following ID: None, Following Left ID: None, Following Right ID: 7
Frame: 4.97, Preceding ID: None, Preceding Right ID: 10, Preceding Left ID: 5, Following ID: None, Following Left ID: None, Following Right ID: 7
Frame: 5.0, Preceding ID: None, Preceding Right ID: 10, Preceding Left ID: 5, Following ID: None, Following Left ID: 7, Following Right ID: 4
Frame: 5.03, Preceding ID: None, Preceding Right ID: 10, Preceding Left ID: 5, Following ID: None, Following Left ID: 7, Following Right ID: 4
Frame: 5.07, Preceding ID: None, Preceding Right ID: 10, Preceding Left ID: 5, Following ID: None, Following Left ID: 7, Following Right ID: 4
Frame: 5.1, Preceding ID: None, Preceding Right ID: 10, Preceding Left ID: 5, Following ID: None, Following Left ID: 7, Following Right ID: 4
Frame: 5.13, Preceding ID: None, Preceding Right ID: 10, Preceding Left ID: 5, Following ID: None, Following Left ID: 7, Following Right ID: 4
Frame: 5.17, Preceding ID: None, Preceding Right ID: 10, Preceding Left ID: 5, Following ID: None, Following Left ID: 7, Following Right ID: 4
Frame: 5.2, Preceding ID: None, Preceding Right ID: 10, Preceding Left ID: 5, Following ID: None, Following Left ID: 7, Following Right ID: 4
Frame: 5.23, Preceding ID: None, Preceding Right ID: 10, Preceding Left ID: 5, Following ID: None, Following Left ID: 7, Following Right ID: 4
Frame: 5.27, Preceding ID: None, Preceding Right ID: 10, Preceding Left ID: 5, Following ID: None, Following Left ID: 7, Following Right ID: 4
Frame: 5.3, Preceding ID: None, Preceding Right ID: 10, Preceding Left ID: 5, Following ID: None, Following Left ID: 7, Following Right ID: 4
Frame: 5.33, Preceding ID: None, Preceding Right ID: 10, Preceding Left ID: 5, Following ID: None, Following Left ID: 7, Following Right ID: 4
Frame: 5.37, Preceding ID: None, Preceding Right ID: 10, Preceding Left ID: 5, Following ID: None, Following Left ID: 7, Following Right ID: 4
Frame: 5.4, Preceding ID: None, Preceding Right ID: 10, Preceding Left ID: 5, Following ID: None, Following Left ID: 7, Following Right ID: 4
Frame: 5.43, Preceding ID: None, Preceding Right ID: 10, Preceding Left ID: 5, Following ID: None, Following Left ID: 7, Following Right ID: 4
Frame: 5.47, Preceding ID: None, Preceding Right ID: 10, Preceding Left ID: 5, Following ID: None, Following Left ID: 7, Following Right ID: 4
Frame: 5.5, Preceding ID: None, Preceding Right ID: 10, Preceding Left ID: 5, Following ID: None, Following Left ID: 7, Following Right ID: 4
Frame: 5.53, Preceding ID: None, Preceding Right ID: 10, Preceding Left ID: 5, Following ID: None, Following Left ID: 7, Following Right ID: 4
Frame: 5.57, Preceding ID: None, Preceding Right ID: 10, Preceding Left ID: 5, Following ID: None, Following Left ID: 7, Following Right ID: 4
Frame: 5.6, Preceding ID: None, Preceding Right ID: 10, Preceding Left ID: 5, Following ID: None, Following Left ID: 7, Following Right ID: 4
Frame: 5.63, Preceding ID: None, Preceding Right ID: 10, Preceding Left ID: 5, Following ID: None, Following Left ID: 7, Following Right ID: 4
Frame: 5.67, Preceding ID: None, Preceding Right ID: 10, Preceding Left ID: 5, Following ID: None, Following Left ID: 7, Following Right ID: 4
Frame: 5.7, Preceding ID: None, Preceding Right ID: 10, Preceding Left ID: 5, Following ID: None, Following Left ID: 7, Following Right ID: 4
Frame: 5.73, Preceding ID: None, Preceding Right ID: 10, Preceding Left ID: 5, Following ID: None, Following Left ID: 7, Following Right ID: 4
Frame: 5.77, Preceding ID: None, Preceding Right ID: 10, Preceding Left ID: 5, Following ID: None, Following Left ID: 7, Following Right ID: 4
Frame: 5.8, Preceding ID: None, Preceding Right ID: 10, Preceding Left ID: 5, Following ID: None, Following Left ID: 7, Following Right ID: 4
Frame: 5.83, Preceding ID: None, Preceding Right ID: 10, Preceding Left ID: 5, Following ID: None, Following Left ID: 7, Following Right ID: 4
Frame: 5.87, Preceding ID: None, Preceding Right ID: 10, Preceding Left ID: 5, Following ID: None, Following Left ID: 7, Following Right ID: 4
Frame: 5.9, Preceding ID: None, Preceding Right ID: 10, Preceding Left ID: 5, Following ID: None, Following Left ID: 7, Following Right ID: 4
Frame: 5.93, Preceding ID: None, Preceding Right ID: 10, Preceding Left ID: 5, Following ID: None, Following Left ID: 7, Following Right ID: 4
Frame: 5.97, Preceding ID: None, Preceding Right ID: 10, Preceding Left ID: 5, Following ID: None, Following Left ID: 7, Following Right ID: 4
Frame: 6.0, Preceding ID: None, Preceding Right ID: 10, Preceding Left ID: 5, Following ID: None, Following Left ID: 7, Following Right ID: 4
Frame: 6.03, Preceding ID: None, Preceding Right ID: 10, Preceding Left ID: 5, Following ID: None, Following Left ID: 7, Following Right ID: 4
Frame: 6.07, Preceding ID: None, Preceding Right ID: 10, Preceding Left ID: 5, Following ID: None, Following Left ID: 7, Following Right ID: 4
Frame: 6.1, Preceding ID: None, Preceding Right ID: 10, Preceding Left ID: 5, Following ID: None, Following Left ID: 7, Following Right ID: 4
Frame: 6.13, Preceding ID: None, Preceding Right ID: 10, Preceding Left ID: 5, Following ID: None, Following Left ID: 7, Following Right ID: 4
Frame: 6.17, Preceding ID: None, Preceding Right ID: 10, Preceding Left ID: 5, Following ID: None, Following Left ID: 7, Following Right ID: 4
Frame: 6.2, Preceding ID: None, Preceding Right ID: None, Preceding Left ID: 10, Following ID: None, Following Left ID: 7, Following Right ID: 4
Frame: 6.23, Preceding ID: None, Preceding Right ID: None, Preceding Left ID: 10, Following ID: None, Following Left ID: 7, Following Right ID: 4
Frame: 6.27, Preceding ID: None, Preceding Right ID: None, Preceding Left ID: 10, Following ID: None, Following Left ID: 7, Following Right ID: 4
Frame: 6.3, Preceding ID: None, Preceding Right ID: None, Preceding Left ID: 10, Following ID: None, Following Left ID: 7, Following Right ID: 4
Frame: 6.33, Preceding ID: None, Preceding Right ID: None, Preceding Left ID: 10, Following ID: None, Following Left ID: 7, Following Right ID: 4
Frame: 6.37, Preceding ID: None, Preceding Right ID: None, Preceding Left ID: 10, Following ID: None, Following Left ID: 7, Following Right ID: 4
Frame: 6.4, Preceding ID: None, Preceding Right ID: None, Preceding Left ID: 10, Following ID: None, Following Left ID: 7, Following Right ID: 4
Frame: 6.43, Preceding ID: None, Preceding Right ID: None, Preceding Left ID: 10, Following ID: None, Following Left ID: 7, Following Right ID: 4
Frame: 6.47, Preceding ID: None, Preceding Right ID: None, Preceding Left ID: 10, Following ID: None, Following Left ID: 7, Following Right ID: 4
Frame: 6.5, Preceding ID: None, Preceding Right ID: None, Preceding Left ID: 10, Following ID: None, Following Left ID: 7, Following Right ID: 4
Frame: 6.53, Preceding ID: None, Preceding Right ID: None, Preceding Left ID: 10, Following ID: None, Following Left ID: 7, Following Right ID: 4
Frame: 6.57, Preceding ID: None, Preceding Right ID: None, Preceding Left ID: 10, Following ID: None, Following Left ID: 7, Following Right ID: 4
Frame: 6.6, Preceding ID: None, Preceding Right ID: None, Preceding Left ID: 10, Following ID: None, Following Left ID: 7, Following Right ID: 4
Frame: 6.63, Preceding ID: None, Preceding Right ID: None, Preceding Left ID: 10, Following ID: None, Following Left ID: 7, Following Right ID: 4
Frame: 6.67, Preceding ID: None, Preceding Right ID: None, Preceding Left ID: 10, Following ID: None, Following Left ID: 7, Following Right ID: 4
Frame: 6.7, Preceding ID: None, Preceding Right ID: None, Preceding Left ID: 10, Following ID: None, Following Left ID: 7, Following Right ID: 4
Frame: 6.73, Preceding ID: None, Preceding Right ID: None, Preceding Left ID: 10, Following ID: None, Following Left ID: 7, Following Right ID: 4
Frame: 6.77, Preceding ID: None, Preceding Right ID: None, Preceding Left ID: 10, Following ID: None, Following Left ID: 7, Following Right ID: 4
Frame: 6.8, Preceding ID: None, Preceding Right ID: None, Preceding Left ID: 10, Following ID: None, Following Left ID: 7, Following Right ID: 4
Frame: 6.83, Preceding ID: None, Preceding Right ID: None, Preceding Left ID: 10, Following ID: None, Following Left ID: 7, Following Right ID: 4
Frame: 6.87, Preceding ID: None, Preceding Right ID: None, Preceding Left ID: 10, Following ID: None, Following Left ID: 7, Following Right ID: 4
Frame: 6.9, Preceding ID: None, Preceding Right ID: None, Preceding Left ID: 10, Following ID: None, Following Left ID: 7, Following Right ID: 4
Frame: 6.93, Preceding ID: None, Preceding Right ID: None, Preceding Left ID: 10, Following ID: None, Following Left ID: 7, Following Right ID: None
Frame: 6.97, Preceding ID: None, Preceding Right ID: None, Preceding Left ID: 10, Following ID: None, Following Left ID: 7, Following Right ID: None
Frame: 7.0, Preceding ID: None, Preceding Right ID: None, Preceding Left ID: 10, Following ID: None, Following Left ID: 7, Following Right ID: None
Frame: 7.03, Preceding ID: None, Preceding Right ID: None, Preceding Left ID: 10, Following ID: None, Following Left ID: 7, Following Right ID: None
Frame: 7.07, Preceding ID: None, Preceding Right ID: None, Preceding Left ID: 10, Following ID: None, Following Left ID: 7, Following Right ID: None
Frame: 7.1, Preceding ID: None, Preceding Right ID: None, Preceding Left ID: 10, Following ID: None, Following Left ID: 7, Following Right ID: None
Frame: 7.13, Preceding ID: None, Preceding Right ID: None, Preceding Left ID: 10, Following ID: None, Following Left ID: 7, Following Right ID: None
Frame: 7.17, Preceding ID: None, Preceding Right ID: None, Preceding Left ID: 10, Following ID: None, Following Left ID: 7, Following Right ID: None
Frame: 7.2, Preceding ID: None, Preceding Right ID: None, Preceding Left ID: 10, Following ID: None, Following Left ID: 7, Following Right ID: None
Frame: 7.23, Preceding ID: None, Preceding Right ID: None, Preceding Left ID: 10, Following ID: None, Following Left ID: 7, Following Right ID: None
Frame: 7.27, Preceding ID: None, Preceding Right ID: None, Preceding Left ID: 10, Following ID: None, Following Left ID: 7, Following Right ID: None
Frame: 7.3, Preceding ID: None, Preceding Right ID: None, Preceding Left ID: 10, Following ID: None, Following Left ID: 7, Following Right ID: None
Frame: 7.33, Preceding ID: None, Preceding Right ID: None, Preceding Left ID: 10, Following ID: None, Following Left ID: 7, Following Right ID: None
Frame: 7.37, Preceding ID: None, Preceding Right ID: None, Preceding Left ID: 10, Following ID: None, Following Left ID: 7, Following Right ID: None
Frame: 7.4, Preceding ID: None, Preceding Right ID: None, Preceding Left ID: 10, Following ID: None, Following Left ID: 7, Following Right ID: None
Frame: 7.43, Preceding ID: None, Preceding Right ID: None, Preceding Left ID: 10, Following ID: None, Following Left ID: 7, Following Right ID: None
Frame: 7.47, Preceding ID: None, Preceding Right ID: None, Preceding Left ID: 10, Following ID: None, Following Left ID: 7, Following Right ID: None
Frame: 7.5, Preceding ID: None, Preceding Right ID: None, Preceding Left ID: 10, Following ID: None, Following Left ID: 7, Following Right ID: None
Frame: 7.53, Preceding ID: None, Preceding Right ID: None, Preceding Left ID: 10, Following ID: None, Following Left ID: 7, Following Right ID: 4
Frame: 7.57, Preceding ID: None, Preceding Right ID: None, Preceding Left ID: 10, Following ID: None, Following Left ID: 7, Following Right ID: 4
Frame: 7.6, Preceding ID: None, Preceding Right ID: None, Preceding Left ID: 5, Following ID: None, Following Left ID: 7, Following Right ID: 4
Frame: 7.63, Preceding ID: None, Preceding Right ID: None, Preceding Left ID: 5, Following ID: None, Following Left ID: 7, Following Right ID: None
Frame: 7.67, Preceding ID: None, Preceding Right ID: None, Preceding Left ID: 5, Following ID: None, Following Left ID: 7, Following Right ID: 4
Frame: 7.7, Preceding ID: None, Preceding Right ID: None, Preceding Left ID: 5, Following ID: None, Following Left ID: 7, Following Right ID: 4
Frame: 7.73, Preceding ID: None, Preceding Right ID: None, Preceding Left ID: 5, Following ID: None, Following Left ID: 7, Following Right ID: 4
Frame: 7.77, Preceding ID: None, Preceding Right ID: None, Preceding Left ID: 10, Following ID: None, Following Left ID: 7, Following Right ID: 4
Frame: 7.8, Preceding ID: None, Preceding Right ID: None, Preceding Left ID: 10, Following ID: None, Following Left ID: 7, Following Right ID: 4
Frame: 7.83, Preceding ID: None, Preceding Right ID: None, Preceding Left ID: 10, Following ID: None, Following Left ID: 7, Following Right ID: 4
Frame: 7.87, Preceding ID: None, Preceding Right ID: None, Preceding Left ID: 10, Following ID: None, Following Left ID: 7, Following Right ID: 4
Frame: 7.9, Preceding ID: None, Preceding Right ID: None, Preceding Left ID: 10, Following ID: None, Following Left ID: 7, Following Right ID: 4
Frame: 7.93, Preceding ID: None, Preceding Right ID: None, Preceding Left ID: 10, Following ID: None, Following Left ID: 7, Following Right ID: 4
Frame: 7.97, Preceding ID: None, Preceding Right ID: None, Preceding Left ID: 10, Following ID: None, Following Left ID: 7, Following Right ID: 4
Frame: 8.0, Preceding ID: None, Preceding Right ID: None, Preceding Left ID: 10, Following ID: None, Following Left ID: 7, Following Right ID: 4
Frame: 8.03, Preceding ID: None, Preceding Right ID: None, Preceding Left ID: 10, Following ID: None, Following Left ID: 7, Following Right ID: 4
Frame: 8.07, Preceding ID: None, Preceding Right ID: None, Preceding Left ID: 10, Following ID: None, Following Left ID: 7, Following Right ID: 4
Frame: 8.1, Preceding ID: None, Preceding Right ID: None, Preceding Left ID: 10, Following ID: None, Following Left ID: 7, Following Right ID: 4
Frame: 8.13, Preceding ID: None, Preceding Right ID: None, Preceding Left ID: 10, Following ID: None, Following Left ID: 3, Following Right ID: 4
Frame: 8.17, Preceding ID: None, Preceding Right ID: None, Preceding Left ID: 10, Following ID: None, Following Left ID: 3, Following Right ID: 4
Frame: 8.2, Preceding ID: None, Preceding Right ID: None, Preceding Left ID: 10, Following ID: None, Following Left ID: 3, Following Right ID: 4
Frame: 8.23, Preceding ID: None, Preceding Right ID: None, Preceding Left ID: 10, Following ID: None, Following Left ID: 3, Following Right ID: 4
Frame: 8.27, Preceding ID: None, Preceding Right ID: None, Preceding Left ID: 10, Following ID: None, Following Left ID: 3, Following Right ID: 4
Frame: 8.3, Preceding ID: None, Preceding Right ID: None, Preceding Left ID: 10, Following ID: None, Following Left ID: 3, Following Right ID: 4
Frame: 8.33, Preceding ID: None, Preceding Right ID: None, Preceding Left ID: 10, Following ID: None, Following Left ID: 3, Following Right ID: 4
Frame: 8.37, Preceding ID: None, Preceding Right ID: None, Preceding Left ID: 10, Following ID: None, Following Left ID: 3, Following Right ID: 4
Frame: 8.4, Preceding ID: None, Preceding Right ID: None, Preceding Left ID: 10, Following ID: None, Following Left ID: 3, Following Right ID: 4
Frame: 8.43, Preceding ID: None, Preceding Right ID: None, Preceding Left ID: 10, Following ID: None, Following Left ID: 3, Following Right ID: 4
Frame: 8.47, Preceding ID: None, Preceding Right ID: None, Preceding Left ID: 10, Following ID: None, Following Left ID: None, Following Right ID: 4
Frame: 8.5, Preceding ID: None, Preceding Right ID: None, Preceding Left ID: 10, Following ID: None, Following Left ID: None, Following Right ID: 4
Frame: 8.53, Preceding ID: None, Preceding Right ID: None, Preceding Left ID: 10, Following ID: None, Following Left ID: 7, Following Right ID: 4
Frame: 8.57, Preceding ID: None, Preceding Right ID: None, Preceding Left ID: 10, Following ID: None, Following Left ID: 3, Following Right ID: 4
Frame: 8.6, Preceding ID: None, Preceding Right ID: None, Preceding Left ID: 10, Following ID: 3, Following Left ID: 7, Following Right ID: 4
Frame: 8.63, Preceding ID: None, Preceding Right ID: None, Preceding Left ID: 10, Following ID: None, Following Left ID: 7, Following Right ID: 4
Frame: 8.67, Preceding ID: None, Preceding Right ID: None, Preceding Left ID: 10, Following ID: None, Following Left ID: 7, Following Right ID: 4
Frame: 8.7, Preceding ID: None, Preceding Right ID: None, Preceding Left ID: 10, Following ID: None, Following Left ID: 7, Following Right ID: 4
Frame: 8.73, Preceding ID: None, Preceding Right ID: None, Preceding Left ID: 10, Following ID: None, Following Left ID: 7, Following Right ID: 4
Frame: 8.77, Preceding ID: None, Preceding Right ID: None, Preceding Left ID: 10, Following ID: None, Following Left ID: 7, Following Right ID: 4
Frame: 8.8, Preceding ID: None, Preceding Right ID: None, Preceding Left ID: 10, Following ID: None, Following Left ID: 7, Following Right ID: 4
Frame: 8.83, Preceding ID: None, Preceding Right ID: None, Preceding Left ID: 10, Following ID: None, Following Left ID: 7, Following Right ID: 4
Frame: 8.87, Preceding ID: None, Preceding Right ID: None, Preceding Left ID: 10, Following ID: None, Following Left ID: 7, Following Right ID: 4
Frame: 8.9, Preceding ID: None, Preceding Right ID: None, Preceding Left ID: 10, Following ID: None, Following Left ID: 7, Following Right ID: 4
Frame: 8.93, Preceding ID: None, Preceding Right ID: None, Preceding Left ID: 10, Following ID: None, Following Left ID: 7, Following Right ID: 4
Frame: 8.97, Preceding ID: None, Preceding Right ID: None, Preceding Left ID: 10, Following ID: None, Following Left ID: 7, Following Right ID: 4
Frame: 9.0, Preceding ID: None, Preceding Right ID: None, Preceding Left ID: 10, Following ID: None, Following Left ID: 7, Following Right ID: 4
Frame: 9.03, Preceding ID: None, Preceding Right ID: None, Preceding Left ID: 10, Following ID: None, Following Left ID: 7, Following Right ID: 4
Frame: 9.07, Preceding ID: None, Preceding Right ID: None, Preceding Left ID: 10, Following ID: None, Following Left ID: 7, Following Right ID: 4
Frame: 9.1, Preceding ID: None, Preceding Right ID: None, Preceding Left ID: 10, Following ID: None, Following Left ID: 7, Following Right ID: 4
Frame: 9.13, Preceding ID: None, Preceding Right ID: None, Preceding Left ID: 10, Following ID: None, Following Left ID: 7, Following Right ID: 4
Frame: 9.17, Preceding ID: None, Preceding Right ID: None, Preceding Left ID: 10, Following ID: None, Following Left ID: 7, Following Right ID: 4
Frame: 9.2, Preceding ID: None, Preceding Right ID: None, Preceding Left ID: 10, Following ID: None, Following Left ID: 7, Following Right ID: 4
Frame: 9.23, Preceding ID: None, Preceding Right ID: None, Preceding Left ID: 10, Following ID: None, Following Left ID: 7, Following Right ID: 4
Frame: 9.27, Preceding ID: None, Preceding Right ID: None, Preceding Left ID: 10, Following ID: None, Following Left ID: 7, Following Right ID: 4
Frame: 9.3, Preceding ID: None, Preceding Right ID: None, Preceding Left ID: 10, Following ID: None, Following Left ID: 7, Following Right ID: 4
Frame: 9.33, Preceding ID: None, Preceding Right ID: None, Preceding Left ID: 10, Following ID: None, Following Left ID: 7, Following Right ID: 4
Frame: 9.37, Preceding ID: None, Preceding Right ID: None, Preceding Left ID: 10, Following ID: None, Following Left ID: 7, Following Right ID: 4
Frame: 9.43, Preceding ID: None, Preceding Right ID: None, Preceding Left ID: 10, Following ID: None, Following Left ID: 7, Following Right ID: 4
Frame: 9.47, Preceding ID: None, Preceding Right ID: None, Preceding Left ID: 10, Following ID: None, Following Left ID: 7, Following Right ID: 4
Frame: 9.5, Preceding ID: None, Preceding Right ID: None, Preceding Left ID: 10, Following ID: None, Following Left ID: 7, Following Right ID: 4
Frame: 9.53, Preceding ID: None, Preceding Right ID: None, Preceding Left ID: 10, Following ID: None, Following Left ID: 7, Following Right ID: 4
Frame: 9.57, Preceding ID: None, Preceding Right ID: None, Preceding Left ID: 10, Following ID: None, Following Left ID: 7, Following Right ID: 4
Frame: 9.6, Preceding ID: None, Preceding Right ID: None, Preceding Left ID: 10, Following ID: None, Following Left ID: 7, Following Right ID: 4
Frame: 9.63, Preceding ID: None, Preceding Right ID: None, Preceding Left ID: 10, Following ID: None, Following Left ID: 7, Following Right ID: 4
Frame: 9.67, Preceding ID: None, Preceding Right ID: None, Preceding Left ID: 10, Following ID: None, Following Left ID: 7, Following Right ID: 4
Frame: 9.7, Preceding ID: None, Preceding Right ID: None, Preceding Left ID: 10, Following ID: None, Following Left ID: 7, Following Right ID: 4
Frame: 9.73, Preceding ID: None, Preceding Right ID: None, Preceding Left ID: 10, Following ID: None, Following Left ID: 7, Following Right ID: 4
Frame: 9.77, Preceding ID: None, Preceding Right ID: None, Preceding Left ID: 10, Following ID: None, Following Left ID: 7, Following Right ID: 4
Frame: 9.8, Preceding ID: None, Preceding Right ID: None, Preceding Left ID: 10, Following ID: None, Following Left ID: 7, Following Right ID: 4
Frame: 9.83, Preceding ID: None, Preceding Right ID: None, Preceding Left ID: 10, Following ID: None, Following Left ID: 7, Following Right ID: 4
Frame: 9.87, Preceding ID: None, Preceding Right ID: None, Preceding Left ID: 10, Following ID: None, Following Left ID: 7, Following Right ID: 4
Frame: 9.9, Preceding ID: None, Preceding Right ID: None, Preceding Left ID: 10, Following ID: None, Following Left ID: 7, Following Right ID: 4
Frame: 9.93, Preceding ID: None, Preceding Right ID: None, Preceding Left ID: 10, Following ID: None, Following Left ID: 7, Following Right ID: 4
Frame: 9.97, Preceding ID: None, Preceding Right ID: None, Preceding Left ID: 10, Following ID: None, Following Left ID: 7, Following Right ID: 4
Frame: 10.0, Preceding ID: None, Preceding Right ID: None, Preceding Left ID: 10, Following ID: None, Following Left ID: 7, Following Right ID: 4
Frame: 10.03, Preceding ID: None, Preceding Right ID: None, Preceding Left ID: 10, Following ID: None, Following Left ID: 7, Following Right ID: 4
Frame: 10.07, Preceding ID: None, Preceding Right ID: None, Preceding Left ID: 10, Following ID: None, Following Left ID: 7, Following Right ID: 4
Frame: 10.1, Preceding ID: None, Preceding Right ID: None, Preceding Left ID: 10, Following ID: None, Following Left ID: 7, Following Right ID: 4
Frame: 10.13, Preceding ID: None, Preceding Right ID: None, Preceding Left ID: 10, Following ID: None, Following Left ID: 7, Following Right ID: 4
Frame: 10.17, Preceding ID: None, Preceding Right ID: None, Preceding Left ID: 10, Following ID: None, Following Left ID: 7, Following Right ID: 4
Frame: 10.2, Preceding ID: None, Preceding Right ID: None, Preceding Left ID: 10, Following ID: None, Following Left ID: 7, Following Right ID: 4
Frame: 10.23, Preceding ID: None, Preceding Right ID: None, Preceding Left ID: 10, Following ID: None, Following Left ID: 7, Following Right ID: 4
Frame: 10.27, Preceding ID: None, Preceding Right ID: None, Preceding Left ID: 10, Following ID: None, Following Left ID: 7, Following Right ID: 4
Frame: 10.3, Preceding ID: None, Preceding Right ID: None, Preceding Left ID: 10, Following ID: None, Following Left ID: 7, Following Right ID: 4
Frame: 10.33, Preceding ID: None, Preceding Right ID: None, Preceding Left ID: 10, Following ID: None, Following Left ID: 7, Following Right ID: 4
Frame: 10.37, Preceding ID: None, Preceding Right ID: None, Preceding Left ID: 10, Following ID: None, Following Left ID: 7, Following Right ID: 4
Frame: 10.4, Preceding ID: None, Preceding Right ID: None, Preceding Left ID: 10, Following ID: None, Following Left ID: 7, Following Right ID: 4
Frame: 10.43, Preceding ID: None, Preceding Right ID: None, Preceding Left ID: 10, Following ID: None, Following Left ID: 7, Following Right ID: 4
Frame: 10.47, Preceding ID: None, Preceding Right ID: None, Preceding Left ID: 10, Following ID: None, Following Left ID: 7, Following Right ID: 4
Frame: 10.5, Preceding ID: None, Preceding Right ID: None, Preceding Left ID: 10, Following ID: None, Following Left ID: 7, Following Right ID: 4
Frame: 10.53, Preceding ID: None, Preceding Right ID: None, Preceding Left ID: 10, Following ID: None, Following Left ID: 7, Following Right ID: 4
Frame: 10.57, Preceding ID: None, Preceding Right ID: None, Preceding Left ID: 10, Following ID: None, Following Left ID: 7, Following Right ID: 4
Frame: 10.6, Preceding ID: None, Preceding Right ID: None, Preceding Left ID: 10, Following ID: None, Following Left ID: 7, Following Right ID: 4
Frame: 10.63, Preceding ID: None, Preceding Right ID: None, Preceding Left ID: 10, Following ID: None, Following Left ID: 7, Following Right ID: 4
Frame: 10.67, Preceding ID: None, Preceding Right ID: None, Preceding Left ID: 10, Following ID: None, Following Left ID: 7, Following Right ID: 4
Frame: 10.7, Preceding ID: None, Preceding Right ID: None, Preceding Left ID: 10, Following ID: None, Following Left ID: 7, Following Right ID: 4
Frame: 10.73, Preceding ID: None, Preceding Right ID: None, Preceding Left ID: 10, Following ID: None, Following Left ID: 7, Following Right ID: 4
Frame: 10.77, Preceding ID: None, Preceding Right ID: None, Preceding Left ID: 10, Following ID: None, Following Left ID: 7, Following Right ID: 4
Frame: 10.8, Preceding ID: None, Preceding Right ID: None, Preceding Left ID: 10, Following ID: None, Following Left ID: 7, Following Right ID: 4
Frame: 10.83, Preceding ID: None, Preceding Right ID: None, Preceding Left ID: 5, Following ID: None, Following Left ID: 7, Following Right ID: 4
Frame: 10.87, Preceding ID: None, Preceding Right ID: None, Preceding Left ID: 5, Following ID: None, Following Left ID: 7, Following Right ID: 4
Frame: 10.9, Preceding ID: None, Preceding Right ID: None, Preceding Left ID: 10, Following ID: None, Following Left ID: 7, Following Right ID: 4
Frame: 10.93, Preceding ID: None, Preceding Right ID: None, Preceding Left ID: 5, Following ID: None, Following Left ID: 7, Following Right ID: 4
Frame: 10.97, Preceding ID: None, Preceding Right ID: None, Preceding Left ID: 5, Following ID: None, Following Left ID: 7, Following Right ID: 4
