frame,leading,right_leading,left_leading,following,right_following,left_following,leading_relative_distance,leading_relative_speed_x,leading_relative_speed_y,right_leading_relative_distance,right_leading_relative_speed_x,right_leading_relative_speed_y,left_leading_relative_distance,left_leading_relative_speed_x,left_leading_relative_speed_y,following_relative_distance,following_relative_speed_x,following_relative_speed_y,right_following_relative_distance,right_following_relative_speed_x,right_following_relative_speed_y,left_following_relative_distance,left_following_relative_speed_x,left_following_relative_speed_y
0.0,,,,,,,,,,,,,,,,,,,,,,,,
0.03,,,,,,,,,,,,,,,,,,,,,,,,
0.07,,,,,,,,,,,,,,,,,,,,,,,,
0.1,,,,,,,,,,,,,,,,,,,,,,,,
0.13,,,,,,10.0,,,,,,,,,,,,,,,,57.028,27.87,0.28
0.17,,,,,,10.0,,,,,,,,,,,,,,,,56.046,9.72,0.65
0.2,,,,,,10.0,,,,,,,,,,,,,,,,54.576,15.47,3.15
0.23,,,,,,10.0,,,,,,,,,,,,,,,,53.507,10.0,1.11
0.27,,,,,,10.0,,,,,,,,,,,,,,,,52.792,6.76,0.75
0.3,,,,,,10.0,,,,,,,,,,,,,,,,52.033,7.78,0.74
0.33,,,,,,10.0,,,,,,,,,,,,,,,,51.095,9.72,1.39
0.37,,,,,,10.0,,,,,,,,,,,,,,,,49.685,14.72,1.85
0.4,,,,,,10.0,,,,,,,,,,,,,,,,47.941,18.06,1.67
0.43,,,,,,10.0,,,,,,,,,,,,,,,,47.335,6.38,0.74
0.47,,,,,,10.0,,,,,,,,,,,,,,,,46.366,9.36,0.93
0.5,,,,,,10.0,,,,,,,,,,,,,,,,45.536,7.59,1.57
0.53,,,,,,10.0,,,,,,,,,,,,,,,,44.779,8.15,1.01
0.57,,,,,,10.0,,,,,,,,,,,,,,,,44.288,5.18,0.46
0.6,,,,,,10.0,,,,,,,,,,,,,,,,43.218,10.0,2.04
0.63,,,,,,10.0,,,,,,,,,,,,,,,,42.212,9.63,1.58
0.67,,,,7.0,,10.0,,,,,,,,,,100.78,26.3,0.83,,,,41.565,6.48,0.18
0.7,,,,7.0,,10.0,,,,,,,,,,100.87,0.84,0.56,,,,40.802,7.96,0.46
0.73,,,,7.0,,10.0,,,,,,,,,,101.01,1.29,0.65,,,,38.946,19.26,0.0
0.77,,,,7.0,,10.0,,,,,,,,,,101.786,7.23,1.58,,,,37.942,10.65,0.37
0.8,,,,7.0,,10.0,,,,,,,,,,102.86,9.91,0.74,,,,37.223,8.79,2.04
0.83,,,,7.0,,10.0,,,,,,,,,,103.645,7.22,1.76,,,,36.438,9.36,1.76
0.87,,,,7.0,,10.0,,,,,,,,,,104.105,4.35,1.58,,,,35.768,5.37,2.96
0.9,,,,7.0,,10.0,,,,,,,,,,103.945,1.49,0.74,,,,34.866,7.5,3.7
0.93,,,,7.0,,10.0,,,,,,,,,,103.647,2.87,3.89,,,,33.524,14.63,0.0
0.97,,,,7.0,,10.0,,,,,,,,,,103.517,1.11,0.47,,,,32.421,10.93,1.57
1.0,,,,7.0,,10.0,,,,,,,,,,104.091,5.19,1.57,,,,31.96,6.11,1.39
1.03,,,,7.0,,10.0,,,,,,,,,,103.915,1.48,2.22,,,,31.481,6.48,1.86
1.07,,,,7.0,,10.0,,,,,,,,,,104.115,1.86,0.83,,,,30.886,7.5,1.11
1.1,,,,7.0,,10.0,,,,,,,,,,104.61,4.53,1.39,,,,29.508,16.12,0.37
1.13,,,,7.0,,10.0,,,,,,,,,,104.455,1.39,0.65,,,,28.042,17.04,0.37
1.17,,,,7.0,,10.0,,,,,,,,,,104.555,0.83,1.86,,,,26.978,12.41,0.65
1.2,,,,7.0,,10.0,,,,,,,,,,103.94,5.65,1.76,,,,26.357,7.5,0.28
1.23,,,,7.0,,10.0,,,,,,,,,,103.99,0.46,0.28,,,,26.001,3.89,0.56
1.27,,,,7.0,,10.0,,,,,,,,,,104.275,2.68,0.37,,,,25.456,4.72,2.41
1.3,,,,7.0,,10.0,,,,,,,,,,104.83,5.09,0.37,,,,24.41,11.11,2.5
1.33,,,,7.0,,10.0,,,,,,,,,,105.06,2.13,0.0,,,,23.366,13.79,0.1
1.37,,,,7.0,,10.0,,,,,,,,,,105.055,0.1,2.03,,,,23.162,7.04,3.79
1.4,,,,7.0,,10.0,,,,,,,,,,104.927,1.11,3.61,,,,22.656,12.96,4.45
1.43,,,,7.0,,10.0,,,,,,,,,,105.417,4.45,0.09,,,,22.378,5.09,0.55
1.47,,,,7.0,,10.0,,,,,,,,,,105.043,3.43,0.56,,,,21.731,10.93,0.28
1.5,,,,7.0,,10.0,,,,,,,,,,105.514,4.35,1.66,,,,21.095,14.63,2.03
1.53,,,,7.0,,10.0,,,,,,,,,,105.994,4.45,0.37,,,,20.662,10.83,1.21
1.57,,,,7.0,,10.0,,,,,,,,,,106.23,2.13,1.67,,,,20.424,4.82,0.19
1.6,,,,7.0,,10.0,,,,,,,,,,106.349,1.21,1.66,,,,19.533,9.81,4.63
1.63,,,,7.0,,10.0,,,,,,,,,,106.538,1.76,1.11,,,,19.091,11.02,0.19
1.67,,,,7.0,,10.0,,,,,,,,,,106.592,0.46,0.55,,,,18.852,2.5,1.38
1.7,,,,7.0,,10.0,,,,,,,,,,106.44,1.39,2.78,,,,18.723,7.69,1.2
1.73,,,,7.0,,10.0,,,,,,,,,,107.0,5.09,0.56,,,,18.446,7.97,0.46
1.77,,,,7.0,,10.0,,,,,,,,,,107.529,5.0,1.2,,,,18.284,15.09,1.48
1.8,,,,7.0,,10.0,,,,,,,,,,107.679,1.3,0.09,,,,18.137,9.9,0.09
1.83,,,,7.0,,10.0,,,,,,,,,,106.843,7.69,1.29,,,,17.725,12.13,3.05
1.87,,,10.0,7.0,,,,,,,,,17.761,10.0,0.28,106.828,0.18,0.65,,,,,,
1.9,,,10.0,7.0,,,,,,,,,18.137,7.78,2.96,107.802,8.98,3.15,,,,,,
1.93,,,10.0,7.0,,,,,,,,,18.478,14.07,1.39,107.505,2.78,2.5,,,,,,
1.97,,,10.0,7.0,,,,,,,,,18.82,7.68,1.66,108.069,5.28,2.68,,,,,,
2.0,,,10.0,7.0,,,,,,,,,18.926,9.17,0.93,107.272,7.41,1.2,,,,,,
2.03,,,,7.0,,,,,,,,,,,,107.696,3.89,0.1,,,,,,
2.07,,,,7.0,,,,,,,,,,,,108.085,3.61,1.85,,,,,,
2.1,,,,7.0,,,,,,,,,,,,108.363,2.5,1.01,,,,,,
2.13,,,10.0,7.0,,,,,,,,,20.557,116.02,2.6,108.511,1.48,1.21,,,,,,
2.17,,,,7.0,,,,,,,,,,,,108.961,4.26,2.5,,,,,,
2.2,,,,7.0,,,,,,,,,,,,109.324,3.24,1.57,,,,,,
2.23,,,,7.0,,,,,,,,,,,,109.603,2.6,2.41,,,,,,
2.27,,,,7.0,,,,,,,,,,,,109.581,0.37,1.39,,,,,,
2.3,,,,7.0,,,,,,,,,,,,109.543,0.27,1.39,,,,,,
2.33,,,,7.0,,,,,,,,,,,,109.122,3.89,0.93,,,,,,
2.37,,,,7.0,,,,,,,,,,,,109.714,5.55,1.11,,,,,,
2.4,,,,7.0,,,,,,,,,,,,109.588,1.21,0.46,,,,,,
2.43,,,,7.0,,,,,,,,,,,,109.768,1.66,2.5,,,,,,
2.47,,,,7.0,,,,,,,,,,,,109.756,0.09,1.11,,,,,,
2.5,,,,7.0,,,,,,,,,,,,109.953,1.86,1.02,,,,,,
2.53,,,,7.0,,,,,,,,,,,,109.752,1.85,2.32,,,,,,
2.57,,,,7.0,,,,,,,,,,,,110.123,3.33,0.65,,,,,,
2.6,,,,7.0,,,,,,,,,,,,110.507,3.61,0.65,,,,,,
2.63,,,,7.0,,,,,,,,,,,,110.796,2.6,2.22,,,,,,
2.67,,,,7.0,,,,,,,,,,,,111.651,7.87,0.1,,,,,,
2.7,,,,7.0,,,,,,,,,,,,111.818,1.66,0.64,,,,,,
2.73,,,,7.0,,,,,,,,,,,,111.591,2.13,0.65,,,,,,
2.77,,,,7.0,,,,,,,,,,,,111.536,0.46,0.37,,,,,,
2.8,,,10.0,7.0,,,,,,,,,32.951,666.21,21.21,111.304,2.23,1.29,,,,,,
2.83,,,10.0,7.0,,,,,,,,,33.594,7.41,0.74,111.473,1.58,0.37,,,,,,
2.87,,,10.0,7.0,,,,,,,,,33.401,0.74,2.22,111.775,2.78,1.2,,,,,,
2.9,,,10.0,7.0,,,,,,,,,34.488,12.5,1.39,111.986,1.94,2.03,,,,,,
2.93,,,10.0,7.0,,,,,,,,,35.481,9.26,2.22,112.141,1.48,0.18,,,,,,
2.97,,,10.0,7.0,,,,,,,,,36.551,10.09,2.04,111.548,5.46,0.74,,,,,,
3.0,,,10.0,7.0,,,,,,,,,37.205,8.43,2.78,111.481,0.65,0.83,,,,,,
3.03,,,10.0,7.0,,,,,,,,,37.883,7.22,0.28,111.703,2.03,1.02,,,,,,
3.07,,,10.0,7.0,,,,,,,,,38.802,7.87,3.34,111.671,0.37,1.3,,,,,,
3.1,,,10.0,7.0,,,,,,,,,39.624,8.7,0.46,112.346,6.2,2.04,,,,,,
3.13,,,10.0,7.0,,,,,,,,,40.354,6.39,2.22,113.007,6.11,4.07,,,,,,
3.17,,,10.0,7.0,,,,,,,,,41.04,8.15,2.41,113.221,1.95,0.28,,,,,,
3.2,,,10.0,7.0,,,,,,,,,41.488,5.64,2.13,113.887,6.21,1.3,,,,,,
3.23,,,10.0,7.0,,,,,,,,,41.963,4.91,0.28,113.919,0.37,1.02,,,,,,
3.27,,,10.0,7.0,,,,,,,,,42.861,9.91,1.76,113.488,3.98,2.68,,,,,,
3.3,,,10.0,7.0,,,,,,,,,43.302,5.0,1.2,114.116,5.84,0.65,,,,,,
3.33,,,10.0,7.0,,,,,,,,,44.364,11.02,1.01,114.708,5.56,1.2,,,,,,
3.37,,,10.0,7.0,,,,,,,,,45.109,8.52,2.96,114.57,1.3,1.67,,,,,,
3.4,,,10.0,7.0,,,,,,,,,46.237,11.58,0.74,114.772,1.85,0.93,,,,,,
3.43,,,10.0,7.0,,,,,,,,,46.937,6.57,0.92,114.735,0.37,1.57,,,,,,
3.47,,,10.0,7.0,,,,,,,,,47.926,9.63,0.37,115.183,4.07,1.48,,,,,,
3.5,,,10.0,7.0,,,,,,,,,49.067,11.2,0.1,115.283,0.84,1.76,,,,,,
3.53,,,10.0,7.0,,,,,,,,,50.051,9.45,0.47,115.219,0.47,0.37,,,,,,
3.57,,,10.0,7.0,,,,,,,,,50.883,7.78,1.11,114.476,6.85,0.83,,,,,,
3.6,,,10.0,7.0,,,,,,,,,51.31,4.81,1.58,114.777,2.69,1.39,,,,,,
3.63,,,10.0,7.0,,,,,,,,,51.489,1.76,0.18,115.443,6.2,1.66,,,,,,
3.67,,,10.0,7.0,,,,,,,,,52.737,11.48,1.85,116.436,9.35,0.65,,,,,,
3.7,,,10.0,7.0,,,,,,,,,53.935,11.48,1.02,117.01,5.19,1.58,,,,,,
3.73,,,10.0,7.0,,,,,,,,,54.59,6.48,0.46,117.318,2.78,3.06,,,,,,
3.77,,,10.0,7.0,,,,,,,,,55.118,5.47,1.2,117.15,1.58,2.5,,,,,,
3.8,,,10.0,7.0,,,,,,,,,55.595,5.19,1.48,117.532,3.42,0.93,,,,,,
3.83,,,10.0,7.0,,,,,,,,,56.073,5.0,1.2,117.463,0.56,0.19,,,,,,
3.87,,,10.0,7.0,,,,,,,,,56.893,8.42,1.66,117.341,1.2,0.74,,,,,,
3.9,,,10.0,7.0,,,,,,,,,58.049,11.57,1.3,117.576,2.23,1.86,,,,,,
3.93,,,10.0,7.0,,,,,,,,,59.273,11.67,0.09,117.838,2.5,0.83,,,,,,
3.97,,,10.0,7.0,,,,,,,,,59.962,6.85,0.83,117.489,3.15,3.52,,,,,,
4.0,,,10.0,7.0,,,,,,,,,60.639,6.48,0.27,117.667,1.76,2.96,,,,,,
4.03,,,10.0,7.0,,,,,,,,,61.305,6.48,0.37,118.191,4.91,0.46,,,,,,
4.07,,,10.0,7.0,,,,,,,,,62.416,11.3,2.31,118.8,5.55,0.55,,,,,,
4.1,,,10.0,7.0,,,,,,,,,63.018,6.39,2.5,118.832,0.27,1.11,,,,,,
4.13,,,10.0,7.0,,,,,,,,,63.448,4.72,2.32,119.44,5.56,1.29,,,,,,
4.17,,,10.0,7.0,,,,,,,,,64.484,9.54,1.21,118.949,4.45,0.46,,,,,,
4.2,,,10.0,7.0,,,,,,,,,65.524,9.72,0.93,119.456,4.54,3.24,,,,,,
4.23,,,10.0,7.0,,,,,,,,,66.47,9.44,1.86,119.256,1.85,0.19,,,,,,
4.27,,,10.0,7.0,,,,,,,,,66.946,5.09,2.68,119.54,2.78,2.5,,,,,,
4.3,,,10.0,7.0,,,,,,,,,67.67,7.31,1.58,119.619,0.65,0.37,,,,,,
4.33,,,10.0,7.0,,,,,,,,,68.562,8.61,1.11,120.121,4.73,0.93,,,,,,
4.37,,,10.0,7.0,,,,,,,,,69.043,5.0,1.67,120.484,3.33,1.12,,,,,,
4.4,,,10.0,7.0,,,,,,,,,69.619,6.02,2.5,120.717,2.13,0.74,,,,,,
4.43,,,10.0,7.0,,,,,,,,,70.283,6.48,1.66,120.472,2.22,0.09,,,,,,
4.47,,,10.0,7.0,,,,,,,,,70.913,6.3,1.76,120.649,1.76,1.58,,,,,,
4.5,,,10.0,7.0,,,,,,,,,71.757,8.06,0.0,120.286,3.52,1.3,,,,,,
4.53,,,10.0,7.0,,,,,,,,,72.523,7.78,3.43,120.851,5.46,3.06,,,,,,
4.57,,,10.0,7.0,,,,,,,,,73.003,4.54,0.19,121.012,1.48,3.05,,,,,,
4.6,,,10.0,7.0,,,,,,,,,74.008,9.63,0.64,120.946,0.75,1.29,,,,,,
4.63,,,10.0,7.0,,,,,,,,,74.163,1.76,1.95,121.317,3.52,0.83,,,,,,
4.67,,,10.0,7.0,,,,,,,,,74.905,7.13,0.55,121.449,1.2,2.31,,,,,,
4.7,,,10.0,7.0,,,,,,,,,75.93,9.91,1.85,121.713,2.5,1.39,,,,,,
4.73,,,10.0,7.0,,,,,,,,,76.916,9.53,1.95,122.362,6.02,1.02,,,,,,
4.77,,,10.0,7.0,,,,,,,,,77.65,7.32,2.59,123.222,7.96,0.09,,,,,,
4.8,,,10.0,7.0,,,,,,,,,78.02,3.98,3.24,123.267,0.46,0.28,,,,,,
4.83,,,10.0,7.0,,,,,,,,,78.695,6.94,3.52,122.621,6.02,2.04,,,,,,
4.87,,,10.0,7.0,,,,,,,,,79.253,5.65,2.87,122.671,0.37,1.02,,,,,,
4.9,,,10.0,7.0,,,,,,,,,80.535,12.69,5.37,123.075,3.89,0.56,,,,,,
4.93,,,10.0,7.0,,,,,,,,,81.107,5.83,4.17,123.205,1.21,2.04,,,,,,
4.97,,,10.0,7.0,,,,,,,,,81.508,4.17,3.34,123.72,4.72,0.84,,,,,,
5.0,,,10.0,7.0,,,,,,,,,82.189,6.48,1.11,124.1,3.62,2.13,,,,,,
5.03,,,10.0,7.0,,,,,,,,,83.019,8.06,1.48,123.565,5.09,0.83,,,,,,
5.07,,,10.0,7.0,,,,,,,,,83.645,5.84,0.37,123.655,0.83,1.57,,,,,,
5.1,,,10.0,7.0,,,,,,,,,84.636,9.16,0.28,124.141,4.54,2.87,,,,,,
5.13,,,10.0,7.0,,,,,,,,,85.147,4.63,2.04,124.916,7.22,0.74,,,,,,
5.17,,,10.0,7.0,,,,,,,,,85.624,4.63,2.04,125.782,7.97,1.67,,,,,,
5.2,,,10.0,7.0,,,,,,,,,86.562,9.35,5.28,125.429,3.34,2.41,,,,,,
5.23,,,10.0,7.0,,,,,,,,,87.292,6.95,2.41,125.125,2.78,1.85,,,,,,
5.27,,,10.0,7.0,,,,,,,,,87.804,5.28,4.81,125.082,0.46,5.55,,,,,,
5.3,,,10.0,7.0,,,,,,,,,88.736,8.89,2.4,125.057,0.28,2.87,,,,,,
5.33,,,10.0,7.0,,,,,,,,,88.731,0.37,5.37,125.563,4.72,3.24,,,,,,
5.37,,,10.0,7.0,,,,,,,,,89.844,10.74,3.8,125.88,2.77,1.11,,,,,,
5.4,,,10.0,7.0,,,,,,,,,90.52,6.48,2.69,126.293,3.79,1.3,,,,,,
5.43,,,10.0,7.0,,,,,,,,,90.794,2.59,2.6,126.704,3.89,2.6,,,,,,
5.47,,,10.0,7.0,,,,,,,,,90.964,1.76,1.39,126.714,0.0,2.03,,,,,,
5.5,,,10.0,7.0,,,,,,,,,91.579,5.84,1.11,127.199,4.44,1.67,,,,,,
5.53,,,10.0,7.0,,,,,,,,,92.738,10.93,2.68,127.138,0.65,1.48,,,,,,
5.57,,,10.0,7.0,,,,,,,,,94.086,12.6,0.65,127.257,1.02,1.39,,,,,,
5.6,,,10.0,7.0,,,,,,,,,94.395,3.14,4.82,127.111,1.39,1.21,,,,,,
5.63,,,10.0,7.0,,,,,,,,,94.708,2.96,2.78,127.301,1.76,1.39,,,,,,
5.67,,,10.0,7.0,,,,,,,,,95.384,6.39,2.5,127.359,0.56,1.11,,,,,,
5.7,,,10.0,7.0,,,,,,,,,96.101,6.76,1.39,127.623,2.32,3.89,,,,,,
5.73,10.0,,,,7.0,,96.376,2.41,0.0,,,,,,,,,,127.486,1.3,0.56,,,
5.77,10.0,,,,7.0,,97.565,11.39,4.07,,,,,,,,,,127.553,0.55,0.74,,,
5.8,10.0,,,,7.0,,98.762,11.11,2.69,,,,,,,,,,127.638,0.74,1.2,,,
5.83,10.0,,,,7.0,,99.301,5.09,1.39,,,,,,,,,,127.672,0.28,0.28,,,
5.87,10.0,,,,7.0,,99.594,2.78,1.85,,,,,,,,,,128.163,4.53,0.27,,,
5.9,10.0,,,,7.0,,100.073,4.63,6.2,,,,,,,,,,128.42,2.4,0.56,,,
5.93,10.0,,,,7.0,,100.865,7.41,4.82,,,,,,,,,,127.927,4.63,1.58,,,
5.97,10.0,,,,7.0,,101.833,9.08,2.77,,,,,,,,,,128.02,0.74,1.85,,,
6.0,10.0,,,,7.0,,102.305,4.35,1.49,,,,,,,,,,128.248,2.13,0.93,,,
6.03,10.0,,,,7.0,,103.555,11.58,3.24,,,,,,,,,,128.052,1.76,0.74,,,
6.07,10.0,,,,7.0,,104.073,4.81,1.39,,,,,,,,,,128.944,8.15,1.85,,,
6.1,10.0,,,,7.0,,104.97,8.33,2.4,,,,,,,,,,128.553,3.61,0.64,,,
6.13,10.0,,,,7.0,,105.137,1.57,2.96,,,,,,,,,,128.395,1.66,3.52,,,
6.17,10.0,,,,7.0,,105.396,2.4,2.87,,,,,,,,,,128.46,0.65,0.09,,,
6.2,10.0,,,,7.0,,106.255,7.97,4.82,,,,,,,,,,128.63,1.48,0.93,,,
6.23,10.0,,,,7.0,,106.881,5.93,3.24,,,,,,,,,,129.298,6.02,2.69,,,
6.27,10.0,,,,7.0,,107.729,7.78,3.89,,,,,,,,,,128.966,3.06,0.46,,,
6.3,10.0,,,,7.0,,108.528,7.31,4.16,,,,,,,,,,128.545,3.98,3.42,,,
6.33,10.0,,,,7.0,,109.163,5.93,0.37,,,,,,,,,,129.441,8.14,1.39,,,
6.37,10.0,,,,7.0,,109.674,4.73,1.12,,,,,,,,,,129.389,0.37,0.46,,,
6.4,10.0,,,,7.0,,110.5,7.69,0.18,,,,,,,,,,129.394,0.09,0.92,,,
6.43,10.0,,,,7.0,,111.362,7.87,1.86,,,,,,,,,,129.115,2.6,0.93,,,
6.47,10.0,,,,7.0,,112.397,9.54,2.59,,,,,,,,,,128.896,2.04,1.02,,,
6.5,10.0,,,,7.0,,112.98,5.38,1.86,,,,,,,,,,129.604,6.57,0.75,,,
6.53,10.0,,,,7.0,,113.213,2.13,1.39,,,,,,,,,,130.472,7.87,0.74,,,
6.57,10.0,,,,7.0,,113.725,4.63,5.0,,,,,,,,,,131.466,9.17,1.76,,,
6.6,10.0,,,,7.0,,114.66,8.7,1.76,,,,,,,,,,132.017,5.0,1.95,,,
6.63,10.0,,,,7.0,,115.931,11.48,4.08,,,,,,,,,,130.913,10.18,1.02,,,
6.67,10.0,,,,7.0,,116.058,1.11,2.03,,,,,,,,,,130.744,1.48,0.09,,,
6.7,10.0,,,,7.0,,116.516,4.26,3.7,,,,,,,,,,129.923,7.78,0.46,,,
6.73,10.0,,,,7.0,,117.094,5.28,2.13,,,,,,,,,,130.405,4.44,0.37,,,
6.77,10.0,,,,7.0,,117.531,3.89,2.96,,,,,,,,,,130.871,4.26,1.94,,,
6.8,10.0,,,,7.0,,118.221,6.39,1.39,,,,,,,,,,130.81,0.55,0.55,,,
6.83,10.0,,,,7.0,,118.606,3.43,1.2,,,,,,,,,,130.65,1.3,2.32,,,
6.87,10.0,,,,7.0,,119.584,8.98,1.85,,,,,,,,,,130.533,1.02,2.13,,,
6.9,10.0,,,,7.0,,120.453,7.87,3.15,,,,,,,,,,130.411,1.02,1.94,,,
6.93,10.0,,,,7.0,,120.976,4.9,0.74,,,,,,,,,,130.698,2.5,2.87,,,
6.97,10.0,,,,7.0,,120.983,0.0,1.39,,,,,,,,,,130.478,2.22,3.15,,,
7.0,10.0,,,,7.0,,121.36,3.33,3.34,,,,,,,,,,130.668,1.58,1.67,,,
7.03,10.0,,,,7.0,,122.007,5.83,3.33,,,,,,,,,,130.389,2.5,0.83,,,
7.07,10.0,,,,7.0,,122.704,6.29,3.79,,,,,,,,,,130.838,4.17,1.58,,,
7.1,10.0,,,,7.0,,123.33,5.56,3.61,,,,,,,,,,131.042,1.94,0.18,,,
7.13,10.0,,,,7.0,,124.322,8.89,5.19,,,,,,,,,,131.125,0.74,0.47,,,
7.17,10.0,,,,7.0,,125.631,11.94,3.24,,,,,,,,,,130.862,2.59,2.5,,,
7.2,10.0,,,,7.0,,125.833,1.67,3.15,,,,,,,,,,130.514,3.33,1.76,,,
7.23,10.0,,,,7.0,,125.798,0.37,1.94,,,,,,,,,,131.285,7.04,1.11,,,
7.27,10.0,,,,7.0,,125.785,0.28,1.02,,,,,,,,,,131.465,1.76,1.48,,,
7.3,10.0,,,,7.0,,126.873,10.0,1.39,,,,,,,,,,131.591,1.2,0.19,,,
7.33,10.0,,,,7.0,,127.862,9.07,0.84,,,,,,,,,,131.353,2.31,1.02,,,
7.37,10.0,,,,7.0,,128.245,3.52,1.75,,,,,,,,,,131.126,2.04,0.37,,,
7.4,10.0,,,,7.0,,128.636,3.61,1.02,,,,,,,,,,131.356,2.22,1.39,,,
7.43,10.0,,,,7.0,,129.349,6.3,3.89,,,,,,,,,,131.349,0.09,0.37,,,
7.47,10.0,,,,7.0,,130.271,8.7,0.74,,,,,,,,,,131.097,2.22,1.01,,,
7.5,10.0,,,,7.0,,131.048,7.13,1.11,,,,,,,,,,130.88,1.94,2.59,,,
7.53,10.0,,,,7.0,,131.608,5.18,0.46,,,,,,,,,,130.312,5.18,2.22,,,
7.57,10.0,,,,7.0,,131.518,0.84,1.3,,,,,,,,,,130.581,2.6,0.92,,,
7.6,,,,,7.0,,,,,,,,,,,,,,130.859,2.68,1.85,,,
7.63,,,,,7.0,,,,,,,,,,,,,,131.577,6.76,1.02,,,
7.67,,,,,7.0,,,,,,,,,,,,,,131.917,2.97,2.69,,,
7.7,,,,,7.0,,,,,,,,,,,,,,131.842,0.84,2.31,,,
7.73,,,,,7.0,,,,,,,,,,,,,,131.843,0.09,0.18,,,
7.77,10.0,,,,7.0,,133.987,146.11,16.76,,,,,,,,,,131.991,1.3,0.28,,,
7.8,10.0,,,,7.0,,134.797,7.59,0.83,,,,,,,,,,131.973,0.19,0.28,,,
7.83,10.0,,,,7.0,,135.309,4.63,1.58,,,,,,,,,,132.366,3.52,1.3,,,
7.87,10.0,,,,7.0,,135.801,4.63,0.18,,,,,,,,,,131.704,6.11,0.37,,,
7.9,10.0,,,,7.0,,135.976,1.66,0.56,,,,,,,,,,131.384,2.87,3.24,,,
7.93,10.0,,,,7.0,,136.574,5.37,1.11,,,,,,,,,,131.525,1.57,1.39,,,
7.97,10.0,,,,7.0,,136.867,2.59,1.67,,,,,,,,,,131.823,2.88,1.95,,,
8.0,10.0,,,,7.0,,137.126,2.03,4.91,,,,,,,,,,131.904,0.65,0.19,,,
8.03,10.0,,,,7.0,,137.643,4.72,2.04,,,,,,,,,,131.71,1.75,1.57,,,
8.07,10.0,,,,7.0,,138.666,9.35,1.2,,,,,,,,,,131.129,5.28,2.04,,,
8.1,10.0,,,,7.0,,139.05,3.42,1.11,,,,,,,,,,131.23,1.11,1.57,,,
8.13,10.0,,,,,,139.435,3.61,0.37,,,,,,,,,,,,,,,
8.17,10.0,,,,,,139.817,3.42,1.95,,,,,,,,,,,,,,,
8.2,10.0,,,,,,140.77,8.8,0.74,,,,,,,,,,,,,,,
8.23,10.0,,,,,,141.418,5.83,1.58,,,,,,,,,,,,,,,
8.27,10.0,,,,,,141.433,0.1,1.02,,,,,,,,,,,,,,,
8.3,10.0,,,,,,141.926,4.44,1.01,,,,,,,,,,,,,,,
8.33,10.0,,,,,,141.909,0.19,0.83,,,,,,,,,,,,,,,
8.37,10.0,,,,,,142.436,4.72,1.94,,,,,,,,,,,,,,,
8.4,10.0,,,,,,143.07,6.01,1.39,,,,,,,,,,,,,,,
8.43,10.0,,,,,,143.697,5.65,2.04,,,,,,,,,,,,,,,
8.47,10.0,,,,,,143.955,2.22,1.39,,,,,,,,,,,,,,,
8.5,10.0,,,,,,144.274,2.96,1.02,,,,,,,,,,,,,,,
8.53,10.0,,,,7.0,,144.979,6.38,1.3,,,,,,,,,,131.076,291.76,20.83,,,
8.57,10.0,,,,,,145.213,1.94,2.41,,,,,,,,,,,,,,,
8.6,10.0,,,,7.0,,145.638,3.8,0.74,,,,,,,,,,131.136,26.02,1.11,,,
8.63,10.0,,,,7.0,,145.852,1.94,0.46,,,,,,,,,,130.673,4.26,0.65,,,
8.67,10.0,,,,7.0,,146.016,1.76,2.5,,,,,,,,,,130.964,2.87,4.53,,,
8.7,10.0,,,,7.0,,146.612,5.65,0.65,,,,,,,,,,131.491,4.91,0.65,,,
8.73,10.0,,,,7.0,,146.824,1.95,0.18,,,,,,,,,,131.534,0.55,1.48,,,
8.77,10.0,,,,7.0,,147.5,6.11,2.87,,,,,,,,,,131.038,4.63,0.18,,,
8.8,10.0,,,,7.0,,147.771,2.31,1.2,,,,,,,,,,131.033,0.09,1.01,,,
8.83,10.0,,,,7.0,,148.999,11.49,0.18,,,,,,,,,,130.747,2.6,1.38,,,
8.87,10.0,,,,7.0,,149.6,5.74,1.11,,,,,,,,,,130.856,1.12,2.41,,,
8.9,10.0,,,,7.0,,149.466,1.29,0.09,,,,,,,,,,131.278,3.89,0.56,,,
8.93,10.0,,,,7.0,,149.446,0.46,2.87,,,,,,,,,,131.138,1.3,1.2,,,
8.97,10.0,,,,7.0,,149.303,1.76,3.52,,,,,,,,,,131.347,1.76,3.98,,,
9.0,10.0,,,,7.0,,150.014,6.48,2.22,,,,,,,,,,131.253,1.02,1.3,,,
9.03,,,,,7.0,,,,,,,,,,,,,,130.825,3.99,0.65,,,
9.07,,,,,7.0,,,,,,,,,,,,,,131.063,2.22,0.64,,,
9.1,,,,,7.0,,,,,,,,,,,,,,130.778,2.59,0.09,,,
9.13,,,,,7.0,,,,,,,,,,,,,,130.732,0.37,0.28,,,
9.17,,,,,7.0,,,,,,,,,,,,,,131.189,4.35,2.5,,,
9.2,,,,,7.0,,,,,,,,,,,,,,130.939,2.31,0.09,,,
9.23,,,,,7.0,,,,,,,,,,,,,,130.705,2.04,3.24,,,
9.27,,,,,7.0,,,,,,,,,,,,,,130.698,0.09,0.46,,,
9.3,,,,,7.0,,,,,,,,,,,,,,130.29,3.8,0.56,,,
9.33,,,,,7.0,,,,,,,,,,,,,,130.788,4.72,0.37,,,
9.37,,,,,7.0,,,,,,,,,,,,,,130.367,4.08,3.06,,,
9.43,,,,,7.0,,,,,,,,,,,,,,131.423,29.63,3.05,,,
9.47,,,,,7.0,,,,,,,,,,,,,,131.183,2.13,3.24,,,
9.5,,,,,7.0,,,,,,,,,,,,,,130.386,7.41,0.47,,,
9.53,,,,,7.0,,,,,,,,,,,,,,129.979,3.7,0.56,,,
9.57,,,,,7.0,,,,,,,,,,,,,,129.73,2.23,2.13,,,
9.6,,,,,7.0,,,,,,,,,,,,,,129.568,1.58,0.56,,,
9.63,,,,,7.0,,,,,,,,,,,,,,129.423,1.39,1.3,,,
9.67,,,,,7.0,,,,,,,,,,,,,,129.777,3.33,1.38,,,
9.7,,,,,7.0,,,,,,,,,,,,,,129.549,2.03,0.37,,,
9.73,,,,,7.0,,,,,,,,,,,,,,129.864,2.87,1.12,,,
9.77,,,,,7.0,,,,,,,,,,,,,,129.799,0.56,2.6,,,
9.8,,,,,7.0,,,,,,,,,,,,,,129.746,0.37,3.33,,,
9.83,,,,,7.0,,,,,,,,,,,,,,129.56,1.66,1.02,,,
9.87,,,,,7.0,,,,,,,,,,,,,,129.274,2.68,0.27,,,
9.9,,,,,7.0,,,,,,,,,,,,,,129.406,1.2,2.22,,,
9.93,,,,,7.0,,,,,,,,,,,,,,129.246,1.39,1.21,,,
9.97,,,,,7.0,,,,,,,,,,,,,,129.123,1.29,3.43,,,
10.0,,,,,7.0,,,,,,,,,,,,,,128.716,3.89,1.85,,,
10.03,,,,,7.0,,,,,,,,,,,,,,128.193,4.81,0.75,,,
10.07,,,,,7.0,,,,,,,,,,,,,,128.002,1.66,2.87,,,
10.1,,,,,7.0,,,,,,,,,,,,,,127.844,1.48,2.96,,,
10.13,,,,,7.0,,,,,,,,,,,,,,127.97,1.11,0.93,,,
10.17,,,,,7.0,,,,,,,,,,,,,,127.674,2.68,0.93,,,
10.2,,,,,7.0,,,,,,,,,,,,,,127.502,1.67,0.55,,,
10.23,,,,,7.0,,,,,,,,,,,,,,127.584,0.93,1.85,,,
10.27,,,,,7.0,,,,,,,,,,,,,,128.008,3.79,1.49,,,
10.3,,,,,7.0,,,,,,,,,,,,,,128.271,2.59,0.56,,,
10.33,,,,,7.0,,,,,,,,,,,,,,127.781,4.54,1.39,,,
10.37,,,,,7.0,,,,,,,,,,,,,,127.432,3.15,2.6,,,
10.4,,,,,7.0,,,,,,,,,,,,,,127.74,2.78,2.31,,,
10.43,,,,,7.0,,,,,,,,,,,,,,127.924,1.67,0.27,,,
10.47,,,,,7.0,,,,,,,,,,,,,,127.456,4.26,0.93,,,
10.5,,,,,7.0,,,,,,,,,,,,,,127.257,1.85,0.18,,,
10.53,,,,,7.0,,,,,,,,,,,,,,126.643,5.74,1.58,,,
10.57,,,,,7.0,,,,,,,,,,,,,,126.78,1.2,1.85,,,
10.6,,,,,7.0,,,,,,,,,,,,,,126.679,1.02,2.5,,,
10.63,,,,,7.0,,,,,,,,,,,,,,126.938,2.41,0.37,,,
10.67,,,,,7.0,,,,,,,,,,,,,,126.99,0.55,2.03,,,
10.7,,,,,7.0,,,,,,,,,,,,,,127.036,0.37,0.37,,,
10.73,,,,,7.0,,,,,,,,,,,,,,126.171,7.87,1.48,,,
10.77,,,,,7.0,,,,,,,,,,,,,,125.566,5.65,0.0,,,
10.8,,,,,7.0,,,,,,,,,,,,,,125.482,0.75,0.09,,,
10.83,,,,,7.0,,,,,,,,,,,,,,125.508,0.28,2.4,,,
10.87,,,,,7.0,,,,,,,,,,,,,,125.585,0.65,0.83,,,
10.9,,,,,7.0,,,,,,,,,,,,,,125.613,0.37,1.95,,,
10.93,,,,,7.0,,,,,,,,,,,,,,125.535,0.64,1.21,,,
10.97,,,,,7.0,,,,,,,,,,,,,,125.541,0.1,2.04,,,
